{
  "Sigma_daily": {
    "AAPL": {
      "AAPL": 0.0003616695,
      "MSFT": 0.0002429642,
      "SPY": 0.0001355254
    },
    "MSFT": {
      "AAPL": 0.0002429642,
      "MSFT": 0.0003001243,
      "SPY": 0.0001137389
    },
    "SPY": {
      "AAPL": 0.0001355254,
      "MSFT": 0.0001137389,
      "SPY": 0.0001222517
    }
  },
  "env": {
    "platform": "macOS-26.0-arm64-arm-64bit",
    "python": "3.11.0 (v3.11.0:deaf509e8f, Oct 24 2022, 14:43:23) [Clang 13.0.0 (clang-1300.0.29.30)]",
    "versions": {
      "matplotlib": "3.6.3",
      "numba": "numba",
      "numpy": "1.24.3",
      "pandas": "2.0.3",
      "scipy": "n/a"
    }
  },
  "mu_daily": {
    "AAPL": 0.00017911193723620168,
    "MSFT": 0.00023893799389697212,
    "SPY": 0.0005347779989305796
  },
  "w_eq": {
    "AAPL": 0.3333333333333333,
    "MSFT": 0.3333333333333333,
    "SPY": 0.3333333333333333
  }
}